{"cameraMode":{"drawMode":0,"name":"Shaded","section":"Shading Mode"},"sceneLighting":false,"audioPlay":false,"sceneViewState":{"showFog":true,"showMaterialUpdate":false,"showSkybox":true,"showFlares":true,"showImageEffects":true,"showParticleSystems":true},"in2DMode":false,"pivot":{"x":-4.390048027038574,"y":4.343517303466797,"z":92.50096893310547},"rotation":{"x":-0.0013474057195708156,"y":0.9744408130645752,"z":-0.2245643138885498,"w":-0.005846715997904539},"size":5.243552207946777,"orthographic":false}