{"cameraMode":{"drawMode":0,"name":"Shaded","section":"Shading Mode"},"sceneLighting":false,"audioPlay":false,"sceneViewState":{"showFog":true,"showMaterialUpdate":false,"showSkybox":true,"showFlares":true,"showImageEffects":true,"showParticleSystems":true},"in2DMode":false,"pivot":{"x":0.005561202764511108,"y":1.0447707176208497,"z":0.06540973484516144},"rotation":{"x":0.0045113214291632179,"y":-0.9554023742675781,"z":0.2949107587337494,"w":0.01461485680192709},"size":3.9675772190093996,"orthographic":false}