{"cameraMode":{"drawMode":0,"name":"Shaded","section":"Shading Mode"},"sceneLighting":false,"audioPlay":false,"sceneViewState":{"showFog":true,"showMaterialUpdate":false,"showSkybox":true,"showFlares":true,"showImageEffects":true,"showParticleSystems":true},"in2DMode":false,"pivot":{"x":-0.28793758153915408,"y":-0.3216276168823242,"z":0.47224855422973635},"rotation":{"x":0.47659122943878176,"y":-0.04216749966144562,"z":0.02289397083222866,"w":0.8778147101402283},"size":4.082411289215088,"orthographic":false}