{"cameraMode":{"drawMode":0,"name":"Shaded","section":"Shading Mode"},"sceneLighting":false,"audioPlay":false,"sceneViewState":{"m_AlwaysRefresh":false,"showFog":true,"showSkybox":false,"showFlares":true,"showImageEffects":true,"showParticleSystems":true,"showVisualEffectGraphs":true,"m_FxEnabled":true},"in2DMode":false,"pivot":{"x":1.1920928955078126e-7,"y":0.7859973907470703,"z":-2.384185791015625e-7},"rotation":{"x":-0.002018081722781062,"y":0.9978562593460083,"z":-0.05393572896718979,"w":-0.03743699565529823},"size":2.2079474925994875,"orthographic":true}