{"cameraMode":{"drawMode":0,"name":"Shaded","section":"Shading Mode"},"sceneLighting":false,"audioPlay":false,"sceneViewState":{"m_AlwaysRefresh":false,"showFog":true,"showSkybox":false,"showFlares":true,"showImageEffects":true,"showParticleSystems":true,"showVisualEffectGraphs":true,"m_FxEnabled":true},"in2DMode":false,"pivot":{"x":1.1920928955078126e-7,"y":0.7859973907470703,"z":-2.384185791015625e-7},"rotation":{"x":0.19372697174549104,"y":0.796366810798645,"z":-0.46928033232688906,"w":0.3287460505962372},"size":2.3048665523529054,"orthographic":true}