{"cameraMode":{"drawMode":0,"name":"Shaded","section":"Shading Mode"},"sceneLighting":false,"audioPlay":false,"sceneViewState":{"m_AlwaysRefresh":false,"showFog":true,"showSkybox":false,"showFlares":true,"showImageEffects":true,"showParticleSystems":true,"showVisualEffectGraphs":true,"m_FxEnabled":true},"in2DMode":false,"pivot":{"x":-0.2669326961040497,"y":0.9249035120010376,"z":-0.00811457633972168},"rotation":{"x":-0.022316867485642434,"y":-0.3675616681575775,"z":-0.008823064155876637,"w":0.9296883344650269},"size":1.7312891483306885,"orthographic":true}