{"cameraMode":{"drawMode":0,"name":"Shaded","section":"Shading Mode"},"sceneLighting":false,"audioPlay":false,"sceneViewState":{"m_AlwaysRefresh":false,"showFog":true,"showSkybox":false,"showFlares":true,"showImageEffects":true,"showParticleSystems":true,"showVisualEffectGraphs":true,"m_FxEnabled":true},"in2DMode":false,"pivot":{"x":1.1920928955078126e-7,"y":0.7859973907470703,"z":-2.384185791015625e-7},"rotation":{"x":-0.16189590096473695,"y":0.7952018976211548,"z":-0.24207386374473573,"w":-0.5318591594696045},"size":0.9567076563835144,"orthographic":true}