{"cameraMode":{"drawMode":0,"name":"Shaded","section":"Shading Mode"},"sceneLighting":false,"audioPlay":false,"sceneViewState":{"m_AlwaysRefresh":false,"showFog":true,"showSkybox":false,"showFlares":true,"showImageEffects":true,"showParticleSystems":true,"showVisualEffectGraphs":true,"m_FxEnabled":true},"in2DMode":false,"pivot":{"x":-0.2669326961040497,"y":0.9249035120010376,"z":-0.00811457633972168},"rotation":{"x":-0.059587251394987109,"y":-0.5018250346183777,"z":0.034681279212236407,"w":-0.8622158765792847},"size":2.683194637298584,"orthographic":true}