{"cameraMode":{"drawMode":0,"name":"Shaded","section":"Shading Mode"},"sceneLighting":false,"audioPlay":false,"sceneViewState":{"m_AlwaysRefresh":false,"showFog":true,"showSkybox":false,"showFlares":true,"showImageEffects":true,"showParticleSystems":true,"showVisualEffectGraphs":true,"m_FxEnabled":true},"in2DMode":false,"pivot":{"x":-0.02256375551223755,"y":0.7363831996917725,"z":-0.06974387168884278},"rotation":{"x":0.05532455816864967,"y":0.5120376348495483,"z":-0.033071719110012057,"w":0.8565449714660645},"size":0.8660253882408142,"orthographic":true}