{"cameraMode":{"drawMode":0,"name":"Shaded","section":"Shading Mode"},"sceneLighting":false,"audioPlay":false,"sceneViewState":{"showFog":true,"showMaterialUpdate":false,"showSkybox":true,"showFlares":true,"showImageEffects":true,"showParticleSystems":true},"in2DMode":false,"pivot":{"x":-0.961521327495575,"y":0.00000667572021484375,"z":2.464562177658081},"rotation":{"x":0.1373075693845749,"y":0.8526415228843689,"z":-0.27868008613586428,"w":0.4201031029224396},"size":3.283097982406616,"orthographic":false}