{"cameraMode":{"drawMode":0,"name":"Shaded","section":"Shading Mode"},"sceneLighting":false,"audioPlay":false,"sceneViewState":{"showFog":true,"showMaterialUpdate":false,"showSkybox":true,"showFlares":true,"showImageEffects":true,"showParticleSystems":true},"in2DMode":false,"pivot":{"x":948.044189453125,"y":522.7188110351563,"z":100.56838989257813},"rotation":{"x":-0.0013474057195708156,"y":0.9744408130645752,"z":-0.2245643138885498,"w":-0.005846715997904539},"size":101.18070220947266,"orthographic":false}