{"cameraMode":{"drawMode":0,"name":"Shaded","section":"Shading Mode"},"sceneLighting":false,"audioPlay":false,"sceneViewState":{"m_AlwaysRefresh":false,"showFog":true,"showSkybox":false,"showFlares":true,"showImageEffects":true,"showParticleSystems":true,"showVisualEffectGraphs":true,"m_FxEnabled":true},"in2DMode":false,"pivot":{"x":0.15064595639705659,"y":1.5417053699493409,"z":-0.04760775715112686},"rotation":{"x":-0.017463134601712228,"y":0.9625264406204224,"z":-0.06391844898462296,"w":-0.2629696726799011},"size":1.686361312866211,"orthographic":false}