{"cameraMode":{"drawMode":0,"name":"Shaded","section":"Shading Mode"},"sceneLighting":false,"audioPlay":false,"sceneViewState":{"m_AlwaysRefresh":false,"showFog":true,"showSkybox":false,"showFlares":true,"showImageEffects":true,"showParticleSystems":true,"showVisualEffectGraphs":true,"m_FxEnabled":true},"in2DMode":false,"pivot":{"x":-3.4485597610473635,"y":1.0806474685668946,"z":1.4918265342712403},"rotation":{"x":0.19250822067260743,"y":-0.28358569741249087,"z":0.058223020285367969,"w":0.9376240968704224},"size":1.862928032875061,"orthographic":true}