{"cameraMode":{"drawMode":0,"name":"Shaded","section":"Shading Mode"},"sceneLighting":false,"audioPlay":false,"sceneViewState":{"showFog":true,"showMaterialUpdate":false,"showSkybox":true,"showFlares":true,"showImageEffects":true,"showParticleSystems":true},"in2DMode":false,"pivot":{"x":-0.005958527326583862,"y":1.0711488723754883,"z":0.0},"rotation":{"x":-0.07960972189903259,"y":0.9182531237602234,"z":-0.2396690547466278,"w":-0.3050120770931244},"size":4.47506856918335,"orthographic":false}