{"cameraMode":{"drawMode":0,"name":"Shaded","section":"Shading Mode"},"sceneLighting":false,"audioPlay":false,"sceneViewState":{"showFog":true,"showMaterialUpdate":false,"showSkybox":true,"showFlares":true,"showImageEffects":true,"showParticleSystems":true},"in2DMode":false,"pivot":{"x":4.352898597717285,"y":-1.029740333557129,"z":49.46223449707031},"rotation":{"x":-0.012925725430250168,"y":0.9685271978378296,"z":-0.2431831657886505,"w":-0.05147887393832207},"size":205.47837829589845,"orthographic":false}