{"cameraMode":{"drawMode":0,"name":"Shaded","section":"Shading Mode"},"sceneLighting":false,"audioPlay":false,"sceneViewState":{"showFog":true,"showMaterialUpdate":false,"showSkybox":true,"showFlares":true,"showImageEffects":true,"showParticleSystems":true},"in2DMode":false,"pivot":{"x":-0.6655794382095337,"y":1.4268440008163453,"z":0.29163074493408205},"rotation":{"x":-0.012925725430250168,"y":0.9685271978378296,"z":-0.2431831657886505,"w":-0.05147887393832207},"size":2.2851791381835939,"orthographic":false}