{"cameraMode":{"drawMode":0,"name":"Shaded","section":"Shading Mode"},"sceneLighting":false,"audioPlay":false,"sceneViewState":{"showFog":true,"showMaterialUpdate":false,"showSkybox":true,"showFlares":true,"showImageEffects":true,"showParticleSystems":true},"in2DMode":false,"pivot":{"x":996.0694580078125,"y":545.0471801757813,"z":-1.4065090417861939},"rotation":{"x":-0.03765425458550453,"y":0.9623342156410217,"z":-0.1879698783159256,"w":-0.1927754282951355},"size":41.821495056152347,"orthographic":false}