{"cameraMode":{"drawMode":0,"name":"Shaded","section":"Shading Mode"},"sceneLighting":false,"audioPlay":false,"sceneViewState":{"showFog":true,"showMaterialUpdate":false,"showSkybox":true,"showFlares":true,"showImageEffects":true,"showParticleSystems":true},"in2DMode":false,"pivot":{"x":-0.03162825107574463,"y":1.834007740020752,"z":0.0},"rotation":{"x":0.23611566424369813,"y":0.4068763852119446,"z":-0.10971959680318833,"w":0.8755927085876465},"size":3.6716251373291017,"orthographic":false}