{"cameraMode":{"drawMode":0,"name":"Shaded","section":"Shading Mode"},"sceneLighting":false,"audioPlay":false,"sceneViewState":{"showFog":true,"showMaterialUpdate":false,"showSkybox":true,"showFlares":true,"showImageEffects":true,"showParticleSystems":true},"in2DMode":false,"pivot":{"x":0.4829878807067871,"y":0.3930947780609131,"z":0.39829641580581667},"rotation":{"x":0.2059818059206009,"y":0.5291750431060791,"z":-0.13421785831451417,"w":0.8121150732040405},"size":5.916289329528809,"orthographic":false}