{"cameraMode":{"drawMode":0,"name":"Shaded","section":"Shading Mode"},"sceneLighting":false,"audioPlay":false,"sceneViewState":{"showFog":true,"showMaterialUpdate":false,"showSkybox":true,"showFlares":true,"showImageEffects":true,"showParticleSystems":true},"in2DMode":false,"pivot":{"x":-1.0685665607452393,"y":0.07032465934753418,"z":-0.37515735626220705},"rotation":{"x":-0.276700884103775,"y":0.10210014879703522,"z":-0.02958054654300213,"w":-0.955058753490448},"size":7.42120361328125,"orthographic":false}