{"cameraMode":{"drawMode":0,"name":"Shaded","section":"Shading Mode"},"sceneLighting":true,"audioPlay":false,"sceneViewState":{"showFog":true,"showMaterialUpdate":false,"showSkybox":true,"showFlares":true,"showImageEffects":true,"showParticleSystems":true},"in2DMode":false,"pivot":{"x":1830.275634765625,"y":498.58001708984377,"z":401.0},"rotation":{"x":0.01169789582490921,"y":0.9807838797569275,"z":-0.18455904722213746,"w":0.06216293200850487},"size":241.0279998779297,"orthographic":false}