{"cameraMode":{"drawMode":0,"name":"Shaded","section":"Shading Mode"},"sceneLighting":false,"audioPlay":false,"sceneViewState":{"showFog":true,"showMaterialUpdate":false,"showSkybox":true,"showFlares":true,"showImageEffects":true,"showParticleSystems":true},"in2DMode":false,"pivot":{"x":-0.5462690591812134,"y":0.5029516816139221,"z":-3.1404147148132326},"rotation":{"x":-0.296511709690094,"y":0.6971327066421509,"z":-0.4018384516239166,"w":-0.5144051313400269},"size":3.6175310611724855,"orthographic":false}