{"cameraMode":{"drawMode":0,"name":"Shaded","section":"Shading Mode"},"sceneLighting":false,"audioPlay":false,"sceneViewState":{"showFog":true,"showMaterialUpdate":false,"showSkybox":true,"showFlares":true,"showImageEffects":true,"showParticleSystems":true},"in2DMode":false,"pivot":{"x":5.960464477539063e-8,"y":1.0265508890151978,"z":-1.1920928955078126e-7},"rotation":{"x":0.17719632387161256,"y":-0.6956932544708252,"z":0.18358053267002107,"w":0.6714987754821777},"size":6.265907287597656,"orthographic":false}