{"cameraMode":{"drawMode":0,"name":"Shaded","section":"Shading Mode"},"sceneLighting":false,"audioPlay":false,"sceneViewState":{"showFog":true,"showMaterialUpdate":false,"showSkybox":true,"showFlares":true,"showImageEffects":true,"showParticleSystems":true},"in2DMode":false,"pivot":{"x":5.960464477539063e-8,"y":1.0265508890151978,"z":-1.1920928955078126e-7},"rotation":{"x":0.01108524203300476,"y":-0.9745341539382935,"z":0.21843677759170533,"w":0.049454543739557269},"size":3.170837640762329,"orthographic":false}