{"cameraMode":{"drawMode":0,"name":"Shaded","section":"Shading Mode"},"sceneLighting":false,"audioPlay":false,"sceneViewState":{"showFog":true,"showMaterialUpdate":false,"showSkybox":true,"showFlares":true,"showImageEffects":true,"showParticleSystems":true},"in2DMode":false,"pivot":{"x":-0.03162825107574463,"y":1.834007740020752,"z":0.0},"rotation":{"x":0.19741985201835633,"y":0.7463650703430176,"z":-0.25264859199523928,"w":0.5832095742225647},"size":4.571625232696533,"orthographic":false}