{"cameraMode":{"drawMode":0,"name":"Shaded","section":"Shading Mode"},"sceneLighting":false,"audioPlay":false,"sceneViewState":{"showFog":true,"showMaterialUpdate":false,"showSkybox":true,"showFlares":true,"showImageEffects":true,"showParticleSystems":true},"in2DMode":false,"pivot":{"x":0.8103567957878113,"y":1.7438335418701172,"z":0.21280264854431153},"rotation":{"x":-0.1681777685880661,"y":0.17987288534641267,"z":-0.031227590516209604,"w":-0.9687036871910095},"size":4.676418304443359,"orthographic":false}