{"cameraMode":{"drawMode":0,"name":"Shaded","section":"Shading Mode"},"sceneLighting":false,"audioPlay":false,"sceneViewState":{"showFog":true,"showMaterialUpdate":false,"showSkybox":true,"showFlares":true,"showImageEffects":true,"showParticleSystems":true},"in2DMode":false,"pivot":{"x":0.005561202764511108,"y":1.0447707176208497,"z":0.06015157699584961},"rotation":{"x":0.3474913239479065,"y":-0.004219542723149061,"z":0.0015637162141501904,"w":0.9376724362373352},"size":4.6012797355651859,"orthographic":false}