{"cameraMode":{"drawMode":0,"name":"Shaded","section":"Shading Mode"},"sceneLighting":false,"audioPlay":false,"sceneViewState":{"m_AlwaysRefresh":false,"showFog":true,"showSkybox":false,"showFlares":true,"showImageEffects":true,"showParticleSystems":true,"showVisualEffectGraphs":true,"m_FxEnabled":true},"in2DMode":false,"pivot":{"x":-0.1928827464580536,"y":2.0050106048583986,"z":0.2945883870124817},"rotation":{"x":0.029048018157482148,"y":0.9545274376869202,"z":-0.279653400182724,"w":0.09914806485176087},"size":1.1285820007324219,"orthographic":false}