{"cameraMode":{"drawMode":0,"name":"Shaded","section":"Shading Mode"},"sceneLighting":false,"audioPlay":false,"sceneViewState":{"m_AlwaysRefresh":false,"showFog":true,"showSkybox":false,"showFlares":true,"showImageEffects":true,"showParticleSystems":true,"showVisualEffectGraphs":true,"m_FxEnabled":true},"in2DMode":false,"pivot":{"x":1.1920928955078126e-7,"y":0.7000000476837158,"z":-0.35000014305114748},"rotation":{"x":-0.13412055373191834,"y":0.16741058230400086,"z":-0.022994428873062135,"w":-0.9764567017555237},"size":2.211334705352783,"orthographic":true}