{"cameraMode":{"drawMode":0,"name":"Shaded","section":"Shading Mode"},"sceneLighting":false,"audioPlay":false,"sceneViewState":{"m_AlwaysRefresh":false,"showFog":true,"showSkybox":false,"showFlares":true,"showImageEffects":true,"showParticleSystems":true,"showVisualEffectGraphs":true,"m_FxEnabled":true},"in2DMode":false,"pivot":{"x":0.13543331623077393,"y":0.8399879932403565,"z":-0.26852965354919436},"rotation":{"x":-0.12092988938093186,"y":0.3661990165710449,"z":-0.04806229844689369,"w":-0.921398401260376},"size":1.4611164331436158,"orthographic":true}