{"cameraMode":{"drawMode":0,"name":"Shaded","section":"Shading Mode"},"sceneLighting":false,"audioPlay":false,"sceneViewState":{"m_AlwaysRefresh":false,"showFog":true,"showSkybox":false,"showFlares":true,"showImageEffects":true,"showParticleSystems":true,"showVisualEffectGraphs":true,"m_FxEnabled":true},"in2DMode":false,"pivot":{"x":0.13543331623077393,"y":0.8399879932403565,"z":-0.26852965354919436},"rotation":{"x":-0.13136142492294312,"y":0.4867204427719116,"z":-0.074307881295681,"w":-0.8604280948638916},"size":1.5891202688217164,"orthographic":true}