{"cameraMode":{"drawMode":0,"name":"Shaded","section":"Shading Mode"},"sceneLighting":true,"audioPlay":false,"sceneViewState":{"m_AlwaysRefresh":false,"showFog":true,"showSkybox":true,"showFlares":true,"showImageEffects":true,"showParticleSystems":true,"showVisualEffectGraphs":true,"m_FxEnabled":true},"in2DMode":false,"pivot":{"x":50.912200927734378,"y":0.8116457462310791,"z":0.3331768810749054},"rotation":{"x":-0.029201531782746316,"y":0.9702754616737366,"z":-0.15291069447994233,"w":-0.18529446423053742},"size":4.508036136627197,"orthographic":false}