{"cameraMode":{"drawMode":0,"name":"Shaded","section":"Shading Mode"},"sceneLighting":true,"audioPlay":false,"sceneViewState":{"m_AlwaysRefresh":false,"showFog":true,"showSkybox":true,"showFlares":true,"showImageEffects":true,"showParticleSystems":true,"showVisualEffectGraphs":true,"m_FxEnabled":true},"in2DMode":false,"pivot":{"x":52.81428146362305,"y":2.2528743743896486,"z":-8.515340805053711},"rotation":{"x":-0.029201531782746316,"y":0.9702754616737366,"z":-0.15291069447994233,"w":-0.18529446423053742},"size":23.79944610595703,"orthographic":false}