{"cameraMode":{"drawMode":0,"name":"Shaded","section":"Shading Mode"},"sceneLighting":false,"audioPlay":false,"sceneViewState":{"showFog":true,"showMaterialUpdate":false,"showSkybox":true,"showFlares":true,"showImageEffects":true,"showParticleSystems":true},"in2DMode":false,"pivot":{"x":0.005561202764511108,"y":1.0447707176208497,"z":0.06015157699584961},"rotation":{"x":-0.012925725430250168,"y":0.9685271978378296,"z":-0.2431831657886505,"w":-0.05147887393832207},"size":3.970898389816284,"orthographic":false}