{"cameraMode":{"drawMode":0,"name":"Shaded","section":"Shading Mode"},"sceneLighting":false,"audioPlay":false,"sceneViewState":{"showFog":true,"showMaterialUpdate":false,"showSkybox":true,"showFlares":true,"showImageEffects":true,"showParticleSystems":true},"in2DMode":false,"pivot":{"x":0.08886473625898361,"y":-0.20011259615421296,"z":2.464562177658081},"rotation":{"x":0.13899150490760804,"y":-0.028219321742653848,"z":0.003962330985814333,"w":0.9898834824562073},"size":5.898323059082031,"orthographic":true}