{"cameraMode":{"drawMode":0,"name":"Shaded","section":"Shading Mode"},"sceneLighting":false,"audioPlay":false,"sceneViewState":{"showFog":true,"showMaterialUpdate":false,"showSkybox":true,"showFlares":true,"showImageEffects":true,"showParticleSystems":true},"in2DMode":false,"pivot":{"x":0.005561202764511108,"y":1.30958890914917,"z":0.06540973484516144},"rotation":{"x":-0.030893024057149888,"y":-0.9244408011436462,"z":0.37224847078323367,"w":-0.07671990245580673},"size":4.7801361083984379,"orthographic":false}