{"cameraMode":{"drawMode":0,"name":"Shaded","section":"Shading Mode"},"sceneLighting":false,"audioPlay":false,"sceneViewState":{"m_AlwaysRefresh":false,"showFog":true,"showSkybox":false,"showFlares":true,"showImageEffects":true,"showParticleSystems":true,"showVisualEffectGraphs":true,"m_FxEnabled":true},"in2DMode":false,"pivot":{"x":-0.00020649659563787282,"y":0.9060726165771484,"z":0.04606897756457329},"rotation":{"x":-0.31472083926200869,"y":0.39323294162750246,"z":-0.14532651007175446,"w":-0.8515903353691101},"size":1.792724609375,"orthographic":false}