{"cameraMode":{"drawMode":0,"name":"Shaded","section":"Shading Mode"},"sceneLighting":false,"audioPlay":false,"sceneViewState":{"m_AlwaysRefresh":false,"showFog":true,"showSkybox":false,"showFlares":true,"showImageEffects":true,"showParticleSystems":true,"showVisualEffectGraphs":true,"m_FxEnabled":true},"in2DMode":false,"pivot":{"x":2.548035144805908,"y":0.004401206970214844,"z":4.789679050445557},"rotation":{"x":0.07741015404462815,"y":0.9193111658096314,"z":-0.3102719485759735,"w":0.22936032712459565},"size":20.59518814086914,"orthographic":true}