{"cameraMode":{"drawMode":0,"name":"Shaded","section":"Shading Mode"},"sceneLighting":false,"audioPlay":false,"sceneViewState":{"m_AlwaysRefresh":false,"showFog":true,"showSkybox":false,"showFlares":true,"showImageEffects":true,"showParticleSystems":true,"showVisualEffectGraphs":true,"m_FxEnabled":true},"in2DMode":false,"pivot":{"x":-0.02164331078529358,"y":0.9255325794219971,"z":-0.06021970510482788},"rotation":{"x":0.19661679863929749,"y":-0.12288861721754074,"z":0.024845417588949205,"w":0.9724364876747131},"size":1.329272747039795,"orthographic":true}