{"cameraMode":{"drawMode":0,"name":"Shaded","section":"Shading Mode"},"sceneLighting":false,"audioPlay":false,"sceneViewState":{"m_AlwaysRefresh":false,"showFog":true,"showSkybox":false,"showFlares":true,"showImageEffects":true,"showParticleSystems":true,"showVisualEffectGraphs":true,"m_FxEnabled":true},"in2DMode":false,"pivot":{"x":-0.18931132555007935,"y":0.5811548233032227,"z":0.31917595863342287},"rotation":{"x":0.1395227462053299,"y":-0.11852426826953888,"z":0.016823574900627137,"w":0.9829564690589905},"size":1.9492571353912354,"orthographic":false}