{"cameraMode":{"drawMode":0,"name":"Shaded","section":"Shading Mode"},"sceneLighting":false,"audioPlay":false,"sceneViewState":{"m_AlwaysRefresh":false,"showFog":true,"showSkybox":false,"showFlares":true,"showImageEffects":true,"showParticleSystems":true,"showVisualEffectGraphs":true,"m_FxEnabled":true},"in2DMode":false,"pivot":{"x":0.04825529456138611,"y":0.031552571803331378,"z":0.016414817422628404},"rotation":{"x":0.12765909731388093,"y":0.6652709245681763,"z":-0.11693969368934632,"w":0.7262533903121948},"size":0.6340159177780151,"orthographic":false}