{"cameraMode":{"drawMode":0,"name":"Shaded","section":"Shading Mode"},"sceneLighting":false,"audioPlay":false,"sceneViewState":{"m_AlwaysRefresh":false,"showFog":true,"showSkybox":false,"showFlares":true,"showImageEffects":true,"showParticleSystems":true,"showVisualEffectGraphs":true,"m_FxEnabled":true},"in2DMode":false,"pivot":{"x":-0.2120320051908493,"y":0.0957249104976654,"z":0.0009086653590202332},"rotation":{"x":0.24081197381019593,"y":0.5486297011375427,"z":-0.16881006956100465,"w":0.7826365232467651},"size":1.0330157279968262,"orthographic":false}