{"cameraMode":{"drawMode":0,"name":"Shaded","section":"Shading Mode"},"sceneLighting":false,"audioPlay":false,"sceneViewState":{"showFog":true,"showMaterialUpdate":false,"showSkybox":true,"showFlares":true,"showImageEffects":true,"showParticleSystems":true},"in2DMode":false,"pivot":{"x":-6.45193338394165,"y":-4.568154811859131,"z":-1.0173375606536866},"rotation":{"x":0.2630341351032257,"y":-0.6606160402297974,"z":0.26716548204421999,"w":0.6504015326499939},"size":368.540771484375,"orthographic":false}