{"cameraMode":{"drawMode":0,"name":"Shaded","section":"Shading Mode"},"sceneLighting":false,"audioPlay":false,"sceneViewState":{"showFog":true,"showMaterialUpdate":false,"showSkybox":true,"showFlares":true,"showImageEffects":true,"showParticleSystems":true},"in2DMode":false,"pivot":{"x":292.20013427734377,"y":164.16712951660157,"z":0.0},"rotation":{"x":0.11870599538087845,"y":-0.8758174777030945,"z":0.37889865040779116,"w":0.2743874192237854},"size":598.3316040039063,"orthographic":false}