{"cameraMode":{"drawMode":0,"name":"Shaded","section":"Shading Mode"},"sceneLighting":false,"audioPlay":false,"sceneViewState":{"showFog":true,"showMaterialUpdate":false,"showSkybox":true,"showFlares":true,"showImageEffects":true,"showParticleSystems":true},"in2DMode":false,"pivot":{"x":0.005561202764511108,"y":1.0447707176208497,"z":0.06540973484516144},"rotation":{"x":-0.07960972189903259,"y":0.9182531237602234,"z":-0.2396690547466278,"w":-0.3050120770931244},"size":4.567577362060547,"orthographic":false}