{"cameraMode":{"drawMode":0,"name":"Shaded","section":"Shading Mode"},"sceneLighting":false,"audioPlay":false,"sceneViewState":{"showFog":true,"showMaterialUpdate":false,"showSkybox":true,"showFlares":true,"showImageEffects":true,"showParticleSystems":true},"in2DMode":false,"pivot":{"x":-0.005958527326583862,"y":1.151275396347046,"z":-0.07130955159664154},"rotation":{"x":0.08123905211687088,"y":0.9136244654655457,"z":-0.2264864593744278,"w":0.32771098613739016},"size":4.1534743309021,"orthographic":false}