{"cameraMode":{"drawMode":0,"name":"Shaded","section":"Shading Mode"},"sceneLighting":false,"audioPlay":false,"sceneViewState":{"showFog":true,"showMaterialUpdate":false,"showSkybox":true,"showFlares":true,"showImageEffects":true,"showParticleSystems":true},"in2DMode":false,"pivot":{"x":0.3182714283466339,"y":0.5605340600013733,"z":0.6691060066223145},"rotation":{"x":-0.15571847558021546,"y":0.6132300496101379,"z":-0.12494635581970215,"w":-0.7642571926116943},"size":5.521470069885254,"orthographic":false}