{"cameraMode":{"drawMode":0,"name":"Shaded","section":"Shading Mode"},"sceneLighting":false,"audioPlay":false,"sceneViewState":{"showFog":true,"showMaterialUpdate":false,"showSkybox":true,"showFlares":true,"showImageEffects":true,"showParticleSystems":true},"in2DMode":false,"pivot":{"x":-0.005958527326583862,"y":1.0711488723754883,"z":0.0},"rotation":{"x":0.0045113214291632179,"y":-0.9554023742675781,"z":0.2949107587337494,"w":0.01461485680192709},"size":4.47506856918335,"orthographic":false}