{"cameraMode":{"drawMode":0,"name":"Shaded","section":"Shading Mode"},"sceneLighting":false,"audioPlay":false,"sceneViewState":{"showFog":true,"showMaterialUpdate":false,"showSkybox":true,"showFlares":true,"showImageEffects":true,"showParticleSystems":true},"in2DMode":false,"pivot":{"x":0.005561202764511108,"y":1.0447707176208497,"z":0.06015157699584961},"rotation":{"x":0.003223280655220151,"y":-0.9896920919418335,"z":0.14138592779636384,"w":0.02256503887474537},"size":7.490151882171631,"orthographic":false}