{"cameraMode":{"drawMode":0,"name":"Shaded","section":"Shading Mode"},"sceneLighting":false,"audioPlay":false,"sceneViewState":{"showFog":true,"showMaterialUpdate":false,"showSkybox":true,"showFlares":true,"showImageEffects":true,"showParticleSystems":true},"in2DMode":false,"pivot":{"x":-0.35205769538879397,"y":2.2575697898864748,"z":1.0289121866226197},"rotation":{"x":0.20766915380954743,"y":0.3407730162143707,"z":-0.07745679467916489,"w":0.913645327091217},"size":4.021196365356445,"orthographic":false}