{"cameraMode":{"drawMode":0,"name":"Shaded","section":"Shading Mode"},"sceneLighting":true,"audioPlay":false,"sceneViewState":{"m_AlwaysRefresh":false,"showFog":true,"showSkybox":true,"showFlares":true,"showImageEffects":true,"showParticleSystems":true,"showVisualEffectGraphs":true,"m_FxEnabled":true},"in2DMode":false,"pivot":{"x":54.27423095703125,"y":1.5890066623687745,"z":3.800894260406494},"rotation":{"x":0.07127229124307633,"y":0.9211732149124146,"z":-0.20212672650814057,"w":0.3248169422149658},"size":2.5467965602874758,"orthographic":false}