{"cameraMode":{"drawMode":0,"name":"Shaded","section":"Shading Mode"},"sceneLighting":true,"audioPlay":false,"sceneViewState":{"m_AlwaysRefresh":false,"showFog":true,"showSkybox":true,"showFlares":true,"showImageEffects":true,"showParticleSystems":true,"showVisualEffectGraphs":true,"m_FxEnabled":true},"in2DMode":false,"pivot":{"x":52.88182067871094,"y":-2.3797130584716799,"z":-3.6788177490234377},"rotation":{"x":0.21391920745372773,"y":-0.06003307178616524,"z":0.013172649778425694,"w":0.9749163389205933},"size":10.813392639160157,"orthographic":false}