{"cameraMode":{"drawMode":0,"name":"Shaded","section":"Shading Mode"},"sceneLighting":false,"audioPlay":false,"sceneViewState":{"m_AlwaysRefresh":false,"showFog":true,"showSkybox":false,"showFlares":true,"showImageEffects":true,"showParticleSystems":true,"showVisualEffectGraphs":true,"m_FxEnabled":true},"in2DMode":false,"pivot":{"x":-0.020194411277770997,"y":0.5566736459732056,"z":0.15341722965240479},"rotation":{"x":-0.046658266335725787,"y":0.6016052961349487,"z":-0.03523355349898338,"w":-0.7966575622558594},"size":1.3436297178268433,"orthographic":true}