{"cameraMode":{"drawMode":0,"name":"Shaded","section":"Shading Mode"},"sceneLighting":false,"audioPlay":false,"sceneViewState":{"m_AlwaysRefresh":false,"showFog":true,"showSkybox":false,"showFlares":true,"showImageEffects":true,"showParticleSystems":true,"showVisualEffectGraphs":true,"m_FxEnabled":true},"in2DMode":false,"pivot":{"x":-0.020194411277770997,"y":0.5566736459732056,"z":0.15341722965240479},"rotation":{"x":-0.13412055373191834,"y":0.16741058230400086,"z":-0.022994428873062135,"w":-0.9764567017555237},"size":1.602303385734558,"orthographic":true}