{"cameraMode":{"drawMode":0,"name":"Shaded","section":"Shading Mode"},"sceneLighting":false,"audioPlay":false,"sceneViewState":{"m_AlwaysRefresh":false,"showFog":true,"showSkybox":false,"showFlares":true,"showImageEffects":true,"showParticleSystems":true,"showVisualEffectGraphs":true,"m_FxEnabled":true},"in2DMode":false,"pivot":{"x":-5.653725624084473,"y":0.5772891044616699,"z":3.5693540573120119},"rotation":{"x":0.010706748813390732,"y":0.9846900105476379,"z":-0.16124309599399568,"w":0.06538168340921402},"size":6.27833366394043,"orthographic":false}